Date,Open,High,Low,Close,Adj Close,Volume,Notes
7 Aug 2026,1.1700,1.1700,1.1700,1.1700,1.1700,0,
31 Jul 2026,1.1800,1.1800,1.1700,1.1700,1.1700,300,
24 Jul 2026,1.1800,1.1800,1.1800,1.1800,1.1800,0,
17 Jul 2026,1.1800,1.1800,1.1800,1.1800,1.1800,0,
10 Jul 2026,1.1800,1.1800,1.1800,1.1800,1.1800,0,
3 Jul 2026,1.1900,1.1900,1.1800,1.1800,1.1800,5000,
26 Jun 2026,1.1900,1.1900,1.1900,1.1900,1.1900,0,
19 Jun 2026,1.1900,1.1900,1.1900,1.1900,1.1900,0,
12 Jun 2026,1.2000,1.2000,1.1900,1.1900,1.1900,13800,
5 Jun 2026,1.2000,1.2000,1.2000,1.2000,1.2000,0,
29 May 2026,1.2000,1.2000,1.2000,1.2000,1.2000,0,
22 May 2026,1.2800,1.2800,1.2000,1.2000,1.2000,3500,
15 May 2026,1.2800,1.2800,1.2800,1.2800,1.2800,0,
8 May 2026,1.2400,1.2900,1.2400,1.2800,1.2800,35900,
1 May 2026,1.2000,1.2800,1.2000,1.2600,1.2600,28200,
24 Apr 2026,1.2000,1.2000,1.2000,1.2000,1.2000,0,
17 Apr 2026,1.2200,1.2200,1.2000,1.2000,1.2000,3800,
10 Apr 2026,1.2200,1.2200,1.2200,1.2200,1.2200,100,
3 Apr 2026,1.2200,1.2200,1.2200,1.2200,1.2200,0,
27 Mar 2026,1.2200,1.2200,1.2200,1.2200,1.2200,0,
20 Mar 2026,1.2800,1.2800,1.2200,1.2200,1.2200,1800,
13 Mar 2026,1.2800,1.2800,1.2800,1.2800,1.2800,0,
6 Mar 2026,1.2800,1.2900,1.2800,1.2800,1.2800,8600,
27 Feb 2026,1.2800,1.2800,1.2800,1.2800,1.2800,31500,
20 Feb 2026,1.3400,1.3400,1.3400,1.3400,1.3400,0,
13 Feb 2026,1.2000,1.3500,1.2000,1.3400,1.3400,1400,
6 Feb 2026,1.2000,1.2000,1.2000,1.2000,1.2000,0,
30 Jan 2026,1.2600,1.2600,1.2000,1.2000,1.2000,48700,
23 Jan 2026,1.2900,1.2900,1.2700,1.2700,1.2700,32200,
16 Jan 2026,1.2500,1.2900,1.2500,1.2900,1.2900,6000,
9 Jan 2026,1.2600,1.2800,1.2500,1.2500,1.2500,36700,
2 Jan 2026,1.2600,1.2600,1.2600,1.2600,1.2600,0,
26 Dec 2025,1.2600,1.2600,1.2600,1.2600,1.2600,0,
19 Dec 2025,1.3200,1.3200,1.2600,1.2600,1.2600,1300,
12 Dec 2025,1.3200,1.3200,1.3200,1.3200,1.3200,0,
5 Dec 2025,1.3200,1.3200,1.3200,1.3200,1.3200,0,
28 Nov 2025,1.3200,1.3200,1.3200,1.3200,1.3200,0,
21 Nov 2025,1.3200,1.3500,1.3200,1.3200,1.3200,35300,
14 Nov 2025,1.3300,1.3300,1.3100,1.3200,1.3200,7500,
7 Nov 2025,1.2300,1.4000,1.2300,1.3300,1.3300,48700,
31 Oct 2025,1.2200,1.2200,1.2200,1.2200,1.2200,0,
24 Oct 2025,1.2200,1.2200,1.2200,1.2200,1.2200,0,
17 Oct 2025,1.2200,1.2200,1.2200,1.2200,1.2200,0,
10 Oct 2025,1.2200,1.2200,1.2200,1.2200,1.2200,25000,
3 Oct 2025,1.2000,1.2000,1.2000,1.2000,1.2000,0,
26 Sep 2025,1.2000,1.2000,1.2000,1.2000,1.2000,100,
19 Sep 2025,1.2000,1.2000,1.2000,1.2000,1.2000,0,
12 Sep 2025,1.1700,1.2200,1.1700,1.2000,1.2000,5800,
5 Sep 2025,1.2400,1.2600,1.1400,1.1500,1.1500,12900,
29 Aug 2025,1.1400,1.2500,1.1400,1.2400,1.2400,14300,
22 Aug 2025,1.2200,1.2200,1.1400,1.1400,1.1400,22700,
15 Aug 2025,1.2500,1.2600,1.2000,1.2200,1.2200,8600,
8 Aug 2025,1.2400,1.2500,1.2400,1.2500,1.2500,10100,
1 Aug 2025,1.1900,1.2400,1.1900,1.2400,1.2400,40400,
25 Jul 2025,1.1300,1.1900,1.1300,1.1900,1.1900,27600,
18 Jul 2025,1.1100,1.1300,1.1000,1.1300,1.1300,24500,
11 Jul 2025,1.1100,1.1100,1.0700,1.0700,1.0700,40500,
4 Jul 2025,1.1100,1.1100,1.1100,1.1100,1.1100,4600,
27 Jun 2025,1.1300,1.1300,1.1100,1.1100,1.1100,3000,
20 Jun 2025,1.0800,1.1300,1.0100,1.1300,1.1300,28400,
13 Jun 2025,1.0300,1.0300,1.0300,1.0300,1.0300,100,
6 Jun 2025,0.9800,1.0400,0.9800,1.0300,1.0300,10000,
30 May 2025,1.1800,1.1800,1.1700,1.1700,1.1700,8800,
29 May 2025,,,,,,,0.0500 Dividend
23 May 2025,1.1000,1.2300,1.0800,1.2300,1.1774,100600,
16 May 2025,0.9600,1.0900,0.9600,1.0900,1.0434,62800,
9 May 2025,0.9600,0.9600,0.9600,0.9600,0.9190,0,
2 May 2025,0.9400,0.9600,0.9400,0.9600,0.9190,1900,
25 Apr 2025,0.9300,0.9450,0.9300,0.9400,0.8998,7100,
18 Apr 2025,0.9300,0.9300,0.9300,0.9300,0.8903,0,
11 Apr 2025,0.9300,0.9700,0.9250,0.9300,0.8903,30500,
4 Apr 2025,0.9650,0.9700,0.9250,0.9250,0.8855,100000,
28 Mar 2025,0.9400,0.9700,0.9400,0.9650,0.9238,19600,
21 Mar 2025,0.9400,0.9400,0.9400,0.9400,0.8998,25000,
14 Mar 2025,0.9250,0.9500,0.9250,0.9350,0.8950,60400,
7 Mar 2025,0.9250,0.9700,0.9250,0.9250,0.8855,80000,
28 Feb 2025,0.9000,0.9200,0.9000,0.9150,0.8759,5000,
21 Feb 2025,0.9000,0.9000,0.9000,0.9000,0.8615,0,
14 Feb 2025,0.9000,0.9000,0.9000,0.9000,0.8615,0,
7 Feb 2025,0.9000,0.9000,0.9000,0.9000,0.8615,0,
31 Jan 2025,0.9000,0.9000,0.9000,0.9000,0.8615,0,
24 Jan 2025,0.9000,0.9000,0.9000,0.9000,0.8615,0,
17 Jan 2025,0.9000,0.9000,0.9000,0.9000,0.8615,0,
10 Jan 2025,0.9000,0.9000,0.9000,0.9000,0.8615,0,
3 Jan 2025,0.9000,0.9000,0.9000,0.9000,0.8615,0,
27 Dec 2024,0.9000,0.9000,0.9000,0.9000,0.8615,0,
20 Dec 2024,0.9000,0.9000,0.9000,0.9000,0.8615,0,
13 Dec 2024,0.9000,0.9000,0.9000,0.9000,0.8615,0,
6 Dec 2024,0.8950,0.9000,0.8950,0.9000,0.8615,29700,
29 Nov 2024,0.9000,0.9000,0.9000,0.9000,0.8615,1200,
22 Nov 2024,0.9000,0.9000,0.9000,0.9000,0.8615,0,
15 Nov 2024,0.9100,0.9100,0.8850,0.9000,0.8615,7000,
8 Nov 2024,0.9100,0.9100,0.9100,0.9100,0.8711,0,
1 Nov 2024,0.9100,0.9100,0.9100,0.9100,0.8711,0,
25 Oct 2024,0.9100,0.9100,0.9100,0.9100,0.8711,0,
18 Oct 2024,0.9000,0.9100,0.9000,0.9100,0.8711,4300,
11 Oct 2024,0.8900,0.9000,0.8900,0.9000,0.8615,3700,
4 Oct 2024,0.8600,0.8600,0.8600,0.8600,0.8232,0,
27 Sep 2024,0.8600,0.8600,0.8600,0.8600,0.8232,500,
20 Sep 2024,0.8700,0.8700,0.8700,0.8700,0.8328,0,
13 Sep 2024,0.8700,0.8700,0.8700,0.8700,0.8328,0,
6 Sep 2024,0.8700,0.8700,0.8700,0.8700,0.8328,0,
30 Aug 2024,0.8500,0.8750,0.8500,0.8700,0.8328,10500,
23 Aug 2024,0.8500,0.8500,0.8500,0.8500,0.8137,100,
16 Aug 2024,0.8700,0.8700,0.8700,0.8700,0.8328,0,
9 Aug 2024,0.8700,0.8700,0.8700,0.8700,0.8328,0,
2 Aug 2024,0.8700,0.8700,0.8700,0.8700,0.8328,0,
26 Jul 2024,0.8700,0.8700,0.8700,0.8700,0.8328,0,
19 Jul 2024,0.8750,0.8750,0.8700,0.8700,0.8328,8400,
12 Jul 2024,0.8750,0.8750,0.8700,0.8700,0.8328,1600,
5 Jul 2024,0.8750,0.8750,0.8750,0.8750,0.8376,0,
28 Jun 2024,0.8850,0.8850,0.8700,0.8750,0.8376,18100,
21 Jun 2024,0.8700,0.8700,0.8700,0.8700,0.8328,0,
14 Jun 2024,0.8700,0.8700,0.8700,0.8700,0.8328,0,
7 Jun 2024,0.8700,0.8700,0.8700,0.8700,0.8328,0,
31 May 2024,0.9600,0.9600,0.8700,0.8700,0.8328,1000,
24 May 2024,0.9600,0.9600,0.9600,0.9600,0.9190,5000,
21 May 2024,,,,,,,0.0500 Dividend
17 May 2024,0.9400,0.9500,0.9400,0.9500,0.8620,20400,
10 May 2024,0.9400,0.9400,0.9400,0.9400,0.8530,0,
3 May 2024,0.9500,0.9500,0.9400,0.9400,0.8530,20000,
26 Apr 2024,0.9250,0.9500,0.9250,0.9500,0.8620,29200,
19 Apr 2024,0.9250,0.9250,0.9250,0.9250,0.8394,0,
12 Apr 2024,0.9000,0.9350,0.9000,0.9250,0.8394,29000,
5 Apr 2024,0.9300,0.9300,0.9000,0.9000,0.8167,29300,
29 Mar 2024,0.9000,0.9000,0.9000,0.9000,0.8167,0,
22 Mar 2024,0.9100,0.9450,0.9000,0.9000,0.8167,2900,
15 Mar 2024,0.9100,0.9100,0.9100,0.9100,0.8257,0,
8 Mar 2024,0.9000,0.9100,0.8700,0.9100,0.8257,3000,
1 Mar 2024,0.9000,0.9000,0.9000,0.9000,0.8167,0,
23 Feb 2024,0.9000,0.9000,0.9000,0.9000,0.8167,0,
16 Feb 2024,0.9000,0.9000,0.9000,0.9000,0.8167,0,
9 Feb 2024,0.9000,0.9000,0.9000,0.9000,0.8167,0,
2 Feb 2024,0.9000,0.9000,0.9000,0.9000,0.8167,0,
26 Jan 2024,0.8650,0.9000,0.8050,0.9000,0.8167,19300,
19 Jan 2024,0.8800,0.8800,0.8800,0.8800,0.7985,0,
12 Jan 2024,0.8800,0.8800,0.8800,0.8800,0.7985,0,
5 Jan 2024,0.8800,0.8800,0.8800,0.8800,0.7985,0,
29 Dec 2023,0.8000,0.8800,0.8000,0.8800,0.7985,30000,
22 Dec 2023,0.8000,0.8000,0.8000,0.8000,0.7259,0,
15 Dec 2023,0.8000,0.8000,0.8000,0.8000,0.7259,0,
8 Dec 2023,0.8000,0.8000,0.8000,0.8000,0.7259,0,
1 Dec 2023,0.8000,0.8000,0.8000,0.8000,0.7259,0,
24 Nov 2023,0.8000,0.8000,0.8000,0.8000,0.7259,0,
17 Nov 2023,0.8000,0.8000,0.8000,0.8000,0.7259,0,
10 Nov 2023,0.8000,0.8000,0.8000,0.8000,0.7259,0,
3 Nov 2023,0.8900,0.8900,0.8000,0.8000,0.7259,4000,
27 Oct 2023,0.8900,0.8900,0.8900,0.8900,0.8076,0,
20 Oct 2023,0.8900,0.8900,0.8900,0.8900,0.8076,0,
13 Oct 2023,0.8900,0.8900,0.8900,0.8900,0.8076,0,
6 Oct 2023,0.7950,0.8900,0.7950,0.8900,0.8076,6100,
29 Sep 2023,0.7950,0.7950,0.7950,0.7950,0.7214,0,
22 Sep 2023,0.7950,0.7950,0.7950,0.7950,0.7214,0,
15 Sep 2023,0.7950,0.7950,0.7950,0.7950,0.7214,0,
8 Sep 2023,0.7950,0.7950,0.7950,0.7950,0.7214,0,
1 Sep 2023,0.7950,0.7950,0.7950,0.7950,0.7214,0,
25 Aug 2023,0.7950,0.7950,0.7950,0.7950,0.7214,0,
18 Aug 2023,0.7550,0.8000,0.7550,0.7950,0.7214,2600,
11 Aug 2023,0.9000,0.9000,0.9000,0.9000,0.8167,0,
4 Aug 2023,0.9000,0.9000,0.9000,0.9000,0.8167,0,
28 Jul 2023,0.9000,0.9000,0.9000,0.9000,0.8167,0,
21 Jul 2023,0.9000,0.9000,0.9000,0.9000,0.8167,0,
14 Jul 2023,0.9000,0.9000,0.9000,0.9000,0.8167,0,
7 Jul 2023,0.9000,0.9000,0.9000,0.9000,0.8167,0,
30 Jun 2023,0.9000,0.9000,0.9000,0.9000,0.8167,0,
23 Jun 2023,0.9000,0.9000,0.9000,0.9000,0.8167,0,
16 Jun 2023,0.9000,0.9000,0.9000,0.9000,0.8167,0,
9 Jun 2023,0.9000,0.9000,0.9000,0.9000,0.8167,0,
2 Jun 2023,0.8500,0.9000,0.8200,0.9000,0.8167,26500,
26 May 2023,0.9350,0.9350,0.8000,0.8000,0.7259,400,
22 May 2023,,,,,,,0.0500 Dividend
19 May 2023,0.8350,0.9600,0.8350,0.9350,0.8031,83100,
12 May 2023,0.8350,0.8350,0.8350,0.8350,0.7172,0,
5 May 2023,0.8350,0.8350,0.8350,0.8350,0.7172,0,
28 Apr 2023,0.8350,0.8350,0.8350,0.8350,0.7172,0,
21 Apr 2023,0.8350,0.8350,0.8350,0.8350,0.7172,200,
14 Apr 2023,0.9200,0.9200,0.9200,0.9200,0.7902,0,
7 Apr 2023,0.9200,0.9200,0.9200,0.9200,0.7902,0,
31 Mar 2023,0.9200,0.9200,0.9200,0.9200,0.7902,0,
24 Mar 2023,0.9200,0.9200,0.9200,0.9200,0.7902,0,
17 Mar 2023,0.9200,0.9200,0.9200,0.9200,0.7902,0,
10 Mar 2023,0.9050,0.9200,0.9050,0.9200,0.7902,93400,
3 Mar 2023,0.8550,0.9200,0.8550,0.8900,0.7644,74100,
24 Feb 2023,0.8550,0.8550,0.8550,0.8550,0.7343,0,
17 Feb 2023,0.8550,0.8550,0.8550,0.8550,0.7343,0,
10 Feb 2023,0.9450,0.9450,0.8550,0.8550,0.7343,200,
3 Feb 2023,0.8750,0.9500,0.8750,0.9450,0.8116,5100,
27 Jan 2023,0.8000,0.8750,0.8000,0.8750,0.7515,8700,
20 Jan 2023,0.8000,0.8000,0.8000,0.8000,0.6871,0,
13 Jan 2023,0.8000,0.8000,0.8000,0.8000,0.6871,0,
6 Jan 2023,0.8000,0.8000,0.7800,0.8000,0.6871,2300,
30 Dec 2022,0.8000,0.8000,0.8000,0.8000,0.6871,100,
23 Dec 2022,0.8000,0.8000,0.8000,0.8000,0.6871,0,
16 Dec 2022,0.8000,0.8000,0.8000,0.8000,0.6871,0,
9 Dec 2022,0.8500,0.8500,0.8000,0.8000,0.6871,200,
2 Dec 2022,0.8500,0.8500,0.8500,0.8500,0.7301,0,
25 Nov 2022,0.8500,0.8500,0.8500,0.8500,0.7301,0,
18 Nov 2022,0.8150,0.8500,0.8150,0.8500,0.7301,400,
11 Nov 2022,0.8300,0.8650,0.8150,0.8150,0.7000,14000,
4 Nov 2022,0.8300,0.8300,0.8300,0.8300,0.7129,400,
28 Oct 2022,0.8350,0.8350,0.8300,0.8300,0.7129,200,
21 Oct 2022,0.8350,0.8350,0.8350,0.8350,0.7172,0,
14 Oct 2022,0.8750,0.8750,0.8350,0.8350,0.7172,9600,
7 Oct 2022,0.8450,0.8750,0.8450,0.8750,0.7515,3300,
30 Sep 2022,0.8450,0.8450,0.8450,0.8450,0.7258,0,
23 Sep 2022,0.8450,0.8450,0.8450,0.8450,0.7258,0,
16 Sep 2022,0.8350,0.8450,0.8350,0.8450,0.7258,100,
9 Sep 2022,0.8350,0.8350,0.8350,0.8350,0.7172,5500,
2 Sep 2022,0.8300,0.8300,0.8300,0.8300,0.7129,0,
26 Aug 2022,0.8300,0.8300,0.8300,0.8300,0.7129,1000,
19 Aug 2022,0.8650,0.8650,0.8300,0.8300,0.7129,37000,
12 Aug 2022,0.8450,0.8650,0.8450,0.8650,0.7429,13000,
5 Aug 2022,0.8450,0.8450,0.8450,0.8450,0.7258,0,
29 Jul 2022,0.8450,0.8450,0.8450,0.8450,0.7258,0,
22 Jul 2022,0.8450,0.8450,0.8450,0.8450,0.7258,0,
15 Jul 2022,0.8450,0.8450,0.8450,0.8450,0.7258,0,
8 Jul 2022,0.8450,0.8450,0.8450,0.8450,0.7258,0,
1 Jul 2022,0.8650,0.8650,0.8450,0.8450,0.7258,100,
24 Jun 2022,0.8650,0.8650,0.8650,0.8650,0.7429,0,
20 Jun 2022,,,,,,,0.0500 Dividend
17 Jun 2022,0.7950,0.9100,0.7950,0.8650,0.7000,92200,
10 Jun 2022,0.7950,0.7950,0.7950,0.7950,0.6433,0,
3 Jun 2022,0.7950,0.7950,0.7950,0.7950,0.6433,0,
27 May 2022,0.7950,0.7950,0.7950,0.7950,0.6433,0,
20 May 2022,0.7950,0.7950,0.7950,0.7950,0.6433,0,
13 May 2022,0.8000,0.8000,0.7950,0.7950,0.6433,22500,
6 May 2022,0.8050,0.8100,0.8050,0.8100,0.6555,24800,
29 Apr 2022,0.8050,0.8050,0.8050,0.8050,0.6514,0,
22 Apr 2022,0.8000,0.8050,0.8000,0.8050,0.6514,40000,
15 Apr 2022,0.8000,0.8000,0.8000,0.8000,0.6474,0,
8 Apr 2022,0.8000,0.8100,0.8000,0.8000,0.6474,101000,
1 Apr 2022,0.8000,0.8000,0.8000,0.8000,0.6474,0,
25 Mar 2022,0.7950,0.8000,0.7900,0.8000,0.6474,60000,
18 Mar 2022,0.8000,0.8000,0.8000,0.8000,0.6474,0,
11 Mar 2022,0.8000,0.8000,0.8000,0.8000,0.6474,0,
4 Mar 2022,0.8000,0.8000,0.8000,0.8000,0.6474,0,
25 Feb 2022,0.8000,0.8000,0.8000,0.8000,0.6474,0,
18 Feb 2022,0.8000,0.8000,0.7900,0.8000,0.6474,27900,
11 Feb 2022,0.8000,0.8000,0.8000,0.8000,0.6474,0,
4 Feb 2022,0.8000,0.8000,0.8000,0.8000,0.6474,0,
28 Jan 2022,0.8100,0.8600,0.7900,0.8000,0.6474,70900,
21 Jan 2022,0.8600,0.8600,0.8600,0.8600,0.6959,0,
14 Jan 2022,0.8150,0.8600,0.8150,0.8600,0.6959,44600,
7 Jan 2022,0.8250,0.8250,0.8000,0.8150,0.6595,1400,
31 Dec 2021,0.8250,0.8250,0.8250,0.8250,0.6676,0,
24 Dec 2021,0.8250,0.8250,0.8250,0.8250,0.6676,0,
17 Dec 2021,0.8250,0.8250,0.8250,0.8250,0.6676,5000,
10 Dec 2021,0.8450,0.8600,0.8450,0.8600,0.6959,11000,
3 Dec 2021,0.8950,0.8950,0.8500,0.8600,0.6959,12400,
26 Nov 2021,0.8950,0.8950,0.8950,0.8950,0.7243,0,
19 Nov 2021,0.8950,0.8950,0.8950,0.8950,0.7243,0,
12 Nov 2021,0.8950,0.8950,0.8950,0.8950,0.7243,0,
5 Nov 2021,0.8950,0.8950,0.8950,0.8950,0.7243,0,
29 Oct 2021,0.8950,0.8950,0.8950,0.8950,0.7243,0,
22 Oct 2021,0.8950,0.8950,0.8950,0.8950,0.7243,0,
15 Oct 2021,0.8300,0.8950,0.8250,0.8950,0.7243,3100,
8 Oct 2021,0.8300,0.8300,0.8300,0.8300,0.6717,0,
1 Oct 2021,0.8250,0.8300,0.8250,0.8300,0.6717,2500,
24 Sep 2021,0.8250,0.8250,0.8250,0.8250,0.6676,2000,
17 Sep 2021,0.8250,0.8250,0.8250,0.8250,0.6676,0,
10 Sep 2021,0.8400,0.8550,0.8250,0.8250,0.6676,16000,
3 Sep 2021,0.8450,0.8500,0.8400,0.8400,0.6798,10500,
27 Aug 2021,0.8400,0.8450,0.8350,0.8450,0.6838,18000,
20 Aug 2021,0.9050,0.9050,0.8450,0.8450,0.6838,40000,
13 Aug 2021,0.9300,0.9300,0.8850,0.9000,0.7283,37500,
6 Aug 2021,0.9000,0.9300,0.9000,0.9300,0.7526,44300,
30 Jul 2021,0.9800,1.0100,0.9000,0.9000,0.7283,56000,
27 Jul 2021,,,,,,,0.0500 Dividend
23 Jul 2021,0.9200,0.9900,0.9200,0.9800,0.7530,282900,
16 Jul 2021,0.8800,0.9500,0.8800,0.9200,0.7069,53300,
9 Jul 2021,0.8100,0.8800,0.8100,0.8750,0.6723,64500,
2 Jul 2021,0.8800,0.8800,0.8000,0.8100,0.6224,60500,
25 Jun 2021,0.8000,0.8800,0.8000,0.8800,0.6762,1100,
18 Jun 2021,0.8000,0.8000,0.8000,0.8000,0.6147,0,
11 Jun 2021,0.8050,0.8100,0.8000,0.8000,0.6147,90000,
4 Jun 2021,0.8050,0.8050,0.8050,0.8050,0.6185,0,
28 May 2021,0.8000,0.8050,0.7800,0.8050,0.6185,4600,
21 May 2021,0.8000,0.8000,0.8000,0.8000,0.6147,0,
14 May 2021,0.8400,0.8400,0.8000,0.8000,0.6147,75000,
7 May 2021,0.8450,0.8450,0.8350,0.8400,0.6454,5100,
30 Apr 2021,0.8450,0.8450,0.8450,0.8450,0.6493,0,
23 Apr 2021,0.8500,0.8500,0.8100,0.8450,0.6493,3300,
16 Apr 2021,0.8500,0.8550,0.8500,0.8500,0.6531,7200,
9 Apr 2021,0.8250,0.8500,0.8250,0.8500,0.6531,5200,
2 Apr 2021,0.8350,0.8350,0.8250,0.8250,0.6339,3900,
26 Mar 2021,0.8600,0.8600,0.8300,0.8400,0.6454,46100,
19 Mar 2021,0.8600,0.8600,0.8600,0.8600,0.6608,20000,
12 Mar 2021,0.8600,0.8600,0.8600,0.8600,0.6608,18000,
5 Mar 2021,0.8600,0.8800,0.8600,0.8600,0.6608,109000,
26 Feb 2021,0.8600,0.8600,0.8600,0.8600,0.6608,0,
19 Feb 2021,0.8600,0.8600,0.8600,0.8600,0.6608,0,
12 Feb 2021,0.8600,0.8600,0.8600,0.8600,0.6608,0,
5 Feb 2021,0.8400,0.8600,0.8400,0.8600,0.6608,200,
29 Jan 2021,0.8400,0.8400,0.8300,0.8400,0.6454,28100,
22 Jan 2021,0.8400,0.8400,0.8400,0.8400,0.6454,24800,
15 Jan 2021,0.8400,0.8400,0.8400,0.8400,0.6454,17000,
8 Jan 2021,0.8800,0.8800,0.8500,0.8500,0.6531,75000,
1 Jan 2021,0.9700,0.9700,0.8800,0.8800,0.6762,22200,
25 Dec 2020,0.9700,0.9700,0.9700,0.9700,0.7453,0,
18 Dec 2020,0.9700,0.9700,0.9700,0.9700,0.7453,0,
11 Dec 2020,,,,,,,0.0500 Dividend
11 Dec 2020,0.9850,1.0100,0.9700,0.9700,0.7453,23300,
4 Dec 2020,0.9500,1.0000,0.9350,1.0000,0.7288,36300,
27 Nov 2020,0.9500,0.9500,0.9500,0.9500,0.6923,0,
20 Nov 2020,0.9500,0.9500,0.9500,0.9500,0.6923,0,
13 Nov 2020,0.9500,0.9500,0.9500,0.9500,0.6923,0,
6 Nov 2020,0.9500,0.9500,0.9500,0.9500,0.6923,0,
30 Oct 2020,0.9500,0.9500,0.9500,0.9500,0.6923,0,
23 Oct 2020,0.9500,0.9500,0.9500,0.9500,0.6923,0,
16 Oct 2020,0.9900,0.9900,0.8450,0.9500,0.6923,200,
9 Oct 2020,0.9900,0.9900,0.9900,0.9900,0.7215,0,
2 Oct 2020,0.9900,0.9900,0.9900,0.9900,0.7215,0,
25 Sep 2020,0.9900,0.9900,0.9900,0.9900,0.7215,0,
18 Sep 2020,1.0000,1.0000,0.9900,0.9900,0.7215,100,
11 Sep 2020,1.0000,1.0000,1.0000,1.0000,0.7288,0,
4 Sep 2020,0.8550,1.0000,0.8450,1.0000,0.7288,20100,
28 Aug 2020,0.9100,0.9100,0.8800,0.8800,0.6413,2400,
21 Aug 2020,0.8500,0.9100,0.8500,0.9100,0.6632,200,
14 Aug 2020,0.8950,0.8950,0.8950,0.8950,0.6522,0,
7 Aug 2020,0.8800,0.9000,0.8800,0.8950,0.6522,69800,
31 Jul 2020,0.9350,0.9350,0.9350,0.9350,0.6814,0,
24 Jul 2020,0.9350,0.9350,0.9350,0.9350,0.6814,0,
17 Jul 2020,0.9100,0.9450,0.8350,0.9350,0.6814,26500,
10 Jul 2020,0.9500,0.9500,0.9500,0.9500,0.6923,0,
3 Jul 2020,0.9000,0.9500,0.8200,0.9500,0.6923,92000,
26 Jun 2020,0.9000,0.9000,0.9000,0.9000,0.6559,10000,
19 Jun 2020,0.9100,0.9100,0.9000,0.9000,0.6559,33200,
12 Jun 2020,0.9000,0.9100,0.9000,0.9100,0.6632,37000,
5 Jun 2020,1.0000,1.0000,0.9000,0.9000,0.6559,67800,
29 May 2020,0.9000,1.0000,0.8800,1.0000,0.7288,9000,
22 May 2020,0.9100,0.9100,0.9000,0.9000,0.6559,46000,
15 May 2020,0.9100,0.9100,0.9100,0.9100,0.6632,0,
8 May 2020,0.9000,0.9200,0.9000,0.9100,0.6632,16000,
1 May 2020,0.9900,0.9900,0.8900,0.9000,0.6559,12100,
24 Apr 2020,0.9900,0.9900,0.9900,0.9900,0.7215,0,
17 Apr 2020,0.9900,0.9900,0.9700,0.9900,0.7215,6400,
10 Apr 2020,1.0200,1.0300,1.0200,1.0300,0.7506,7800,
3 Apr 2020,1.0200,1.0200,1.0200,1.0200,0.7433,100,
27 Mar 2020,1.0300,1.0300,1.0300,1.0300,0.7506,0,
20 Mar 2020,1.0500,1.0500,0.8800,1.0300,0.7506,8600,
13 Mar 2020,1.0100,1.0500,0.7100,1.0500,0.7652,33200,
6 Mar 2020,1.0500,1.0500,1.0100,1.0100,0.7360,1100,
28 Feb 2020,1.0500,1.0500,1.0500,1.0500,0.7652,0,
21 Feb 2020,1.0500,1.0500,1.0500,1.0500,0.7652,0,
14 Feb 2020,1.0400,1.0500,1.0400,1.0500,0.7652,30000,
7 Feb 2020,1.0400,1.0400,1.0400,1.0400,0.7579,0,
31 Jan 2020,1.0800,1.0800,1.0200,1.0400,0.7579,15600,
24 Jan 2020,1.0800,1.0800,1.0800,1.0800,0.7871,0,
17 Jan 2020,1.0900,1.0900,1.0600,1.0800,0.7871,15100,
10 Jan 2020,1.1500,1.1500,1.0900,1.0900,0.7943,8500,
3 Jan 2020,1.0800,1.1500,1.0800,1.1500,0.8381,20000,
27 Dec 2019,1.0600,1.0800,1.0600,1.0800,0.7871,34000,
20 Dec 2019,1.0600,1.0600,1.0600,1.0600,0.7725,0,
13 Dec 2019,1.0400,1.0600,1.0200,1.0600,0.7725,500,
6 Dec 2019,1.0300,1.0400,1.0300,1.0400,0.7579,10000,
29 Nov 2019,1.0400,1.0400,1.0300,1.0300,0.7506,36300,
22 Nov 2019,1.1000,1.1000,1.0500,1.0500,0.7652,38000,
15 Nov 2019,1.0600,1.1000,1.0500,1.1000,0.8016,28000,
8 Nov 2019,1.0200,1.0500,1.0200,1.0500,0.7652,13000,
1 Nov 2019,1.0200,1.0200,1.0200,1.0200,0.7433,0,
25 Oct 2019,0.9900,1.0200,0.9900,1.0200,0.7433,17000,
18 Oct 2019,1.0100,1.0100,1.0100,1.0100,0.7360,0,
11 Oct 2019,1.0000,1.0100,0.9800,1.0100,0.7360,48000,
4 Oct 2019,1.0300,1.0300,0.9800,0.9800,0.7142,21000,
27 Sep 2019,1.0300,1.0300,1.0300,1.0300,0.7506,0,
20 Sep 2019,1.0300,1.0300,1.0300,1.0300,0.7506,23600,
13 Sep 2019,1.0000,1.0300,1.0000,1.0300,0.7506,7800,
6 Sep 2019,1.0100,1.0100,1.0100,1.0100,0.7360,0,
30 Aug 2019,1.0200,1.0200,1.0100,1.0100,0.7360,18900,
23 Aug 2019,1.0300,1.0300,1.0200,1.0200,0.7433,30000,
16 Aug 2019,1.0100,1.0300,0.9900,1.0300,0.7506,43700,
9 Aug 2019,1.0100,1.0100,1.0100,1.0100,0.7360,0,
2 Aug 2019,1.0100,1.0100,1.0100,1.0100,0.7360,0,
26 Jul 2019,1.0100,1.0100,1.0100,1.0100,0.7360,0,
19 Jul 2019,1.0300,1.0300,1.0100,1.0100,0.7360,14600,
12 Jul 2019,1.0600,1.0600,1.0300,1.0300,0.7506,7000,
5 Jul 2019,1.0200,1.0600,1.0100,1.0600,0.7725,3000,
28 Jun 2019,1.0000,1.0600,1.0000,1.0600,0.7725,2000,
21 Jun 2019,1.0000,1.0000,1.0000,1.0000,0.7288,0,
14 Jun 2019,1.0000,1.0000,0.9000,1.0000,0.7288,2100,
7 Jun 2019,1.0000,1.0000,1.0000,1.0000,0.7288,0,
31 May 2019,1.0000,1.0000,1.0000,1.0000,0.7288,0,
24 May 2019,1.0200,1.0200,1.0000,1.0000,0.7288,54100,
17 May 2019,1.0500,1.0500,1.0000,1.0200,0.7433,62600,
10 May 2019,0.9300,1.0600,0.9300,1.0500,0.7652,27800,
7 May 2019,,,,,,,0.0500 Dividend
3 May 2019,1.0200,1.0200,1.0200,1.0200,0.7083,0,
26 Apr 2019,1.0600,1.0600,1.0200,1.0200,0.7083,41000,
19 Apr 2019,1.0300,1.0600,1.0300,1.0600,0.7360,65000,
12 Apr 2019,1.0100,1.0300,1.0100,1.0200,0.7083,13600,
5 Apr 2019,1.0100,1.0100,1.0100,1.0100,0.7013,0,
29 Mar 2019,1.0100,1.0100,1.0100,1.0100,0.7013,0,
22 Mar 2019,1.0100,1.0100,1.0100,1.0100,0.7013,0,
15 Mar 2019,1.0100,1.0100,1.0100,1.0100,0.7013,0,
8 Mar 2019,1.0100,1.0100,1.0100,1.0100,0.7013,0,
1 Mar 2019,1.0000,1.0200,1.0000,1.0100,0.7013,132900,
22 Feb 2019,1.0100,1.0100,1.0000,1.0000,0.6944,32000,
15 Feb 2019,1.0100,1.0100,1.0100,1.0100,0.7013,0,
8 Feb 2019,1.0100,1.0100,1.0100,1.0100,0.7013,0,
1 Feb 2019,1.0100,1.0100,1.0100,1.0100,0.7013,0,
25 Jan 2019,1.0200,1.0200,0.8600,1.0100,0.7013,18000,
18 Jan 2019,1.0200,1.0200,1.0200,1.0200,0.7083,0,
11 Jan 2019,1.0200,1.0200,1.0200,1.0200,0.7083,0,
4 Jan 2019,1.0200,1.0200,1.0200,1.0200,0.7083,0,
28 Dec 2018,1.0200,1.0200,1.0200,1.0200,0.7083,0,
21 Dec 2018,1.0200,1.0200,1.0200,1.0200,0.7083,0,
14 Dec 2018,0.9900,1.0200,0.9900,1.0200,0.7083,46100,
7 Dec 2018,1.0300,1.0300,0.9900,1.0300,0.7152,59700,
30 Nov 2018,1.0000,1.0300,1.0000,1.0300,0.7152,40000,
23 Nov 2018,1.0000,1.0400,1.0000,1.0400,0.7222,15000,
16 Nov 2018,1.0500,1.0500,1.0000,1.0500,0.7291,66000,
9 Nov 2018,1.0500,1.0500,1.0500,1.0500,0.7291,0,
2 Nov 2018,1.0100,1.0500,1.0000,1.0500,0.7291,21200,
26 Oct 2018,1.0300,1.0600,0.9900,1.0600,0.7360,87300,
19 Oct 2018,1.0100,1.0200,1.0100,1.0200,0.7083,16000,
12 Oct 2018,1.0100,1.0100,1.0100,1.0100,0.7013,16300,
5 Oct 2018,1.0200,1.0700,1.0100,1.0200,0.7083,5200,
28 Sep 2018,1.0800,1.0800,1.0200,1.0200,0.7083,27300,
21 Sep 2018,1.0500,1.0800,1.0000,1.0800,0.7499,4400,
14 Sep 2018,1.0500,1.0500,1.0500,1.0500,0.7291,48000,
7 Sep 2018,1.0100,1.0500,1.0000,1.0500,0.7291,27400,
31 Aug 2018,1.0500,1.1000,1.0000,1.0500,0.7291,35900,
24 Aug 2018,1.0200,1.4000,0.9650,1.0800,0.7499,46400,
17 Aug 2018,1.0800,1.0800,1.0000,1.0500,0.7291,33000,
10 Aug 2018,1.0300,1.0800,1.0300,1.0800,0.7499,12500,
3 Aug 2018,1.0300,1.0300,1.0300,1.0300,0.7152,0,
27 Jul 2018,1.0300,1.0300,1.0300,1.0300,0.7152,3000,
20 Jul 2018,1.0100,1.0100,1.0100,1.0100,0.7013,11000,
13 Jul 2018,1.0400,1.0500,1.0400,1.0500,0.7291,10000,
6 Jul 2018,0.9500,1.0500,0.9500,1.0400,0.7222,84500,
29 Jun 2018,0.9200,0.9200,0.9000,0.9200,0.6388,48800,
22 Jun 2018,0.8900,0.9200,0.8900,0.9200,0.6388,19800,
15 Jun 2018,0.9000,0.9200,0.8750,0.9150,0.6354,15300,
8 Jun 2018,0.9000,0.9000,0.9000,0.9000,0.6249,0,
1 Jun 2018,0.9000,0.9000,0.9000,0.9000,0.6249,0,
25 May 2018,0.9000,0.9000,0.9000,0.9000,0.6249,0,
18 May 2018,0.9000,0.9000,0.8800,0.9000,0.6249,5000,
11 May 2018,0.8800,0.9400,0.8800,0.9000,0.6249,67200,
4 May 2018,0.8800,0.8800,0.8800,0.8800,0.6111,0,
27 Apr 2018,0.8800,0.8800,0.8800,0.8800,0.6111,66700,
20 Apr 2018,0.8800,0.8800,0.8800,0.8800,0.6111,2500,
13 Apr 2018,0.9000,0.9000,0.8800,0.8800,0.6111,163100,
6 Apr 2018,0.9000,0.9000,0.9000,0.9000,0.6249,0,
30 Mar 2018,0.8900,0.9000,0.8000,0.9000,0.6249,300,
23 Mar 2018,0.9000,0.9000,0.8700,0.8900,0.6180,41000,
16 Mar 2018,0.9500,0.9500,0.9000,0.9000,0.6249,10000,
9 Mar 2018,0.9500,0.9500,0.9500,0.9500,0.6597,0,
2 Mar 2018,0.9300,0.9500,0.9300,0.9500,0.6597,106000,
23 Feb 2018,0.9400,0.9400,0.9300,0.9300,0.6458,4000,
16 Feb 2018,0.9400,0.9400,0.9400,0.9400,0.6527,0,
9 Feb 2018,0.9300,0.9400,0.9300,0.9400,0.6527,31500,
2 Feb 2018,0.9600,0.9600,0.9600,0.9600,0.6666,0,
26 Jan 2018,0.9600,0.9600,0.9600,0.9600,0.6666,0,
19 Jan 2018,1.0200,1.0200,0.9500,0.9600,0.6666,10600,
12 Jan 2018,1.0200,1.0200,1.0200,1.0200,0.7083,0,
5 Jan 2018,0.9700,1.0200,0.9550,1.0200,0.7083,1100,
29 Dec 2017,0.9700,0.9700,0.9700,0.9700,0.6736,0,
22 Dec 2017,0.9700,0.9700,0.9700,0.9700,0.6736,0,
15 Dec 2017,0.9700,0.9700,0.9700,0.9700,0.6736,0,
8 Dec 2017,0.9700,0.9700,0.9450,0.9700,0.6736,73600,
1 Dec 2017,0.9350,0.9700,0.9350,0.9700,0.6736,20000,
24 Nov 2017,0.9250,0.9350,0.9250,0.9350,0.6492,15800,
17 Nov 2017,0.9800,1.0100,0.9200,0.9250,0.6423,21200,
10 Nov 2017,0.9650,0.9800,0.9500,0.9800,0.6805,61800,
3 Nov 2017,1.0700,1.1600,0.9400,1.0000,0.6944,161400,
27 Oct 2017,0.8500,0.8500,0.8500,0.8500,0.5902,5000,
20 Oct 2017,0.8500,0.8500,0.8500,0.8500,0.5902,0,
13 Oct 2017,0.8500,0.8500,0.8500,0.8500,0.5902,0,
6 Oct 2017,0.8150,0.9000,0.8100,0.8500,0.5902,36700,
29 Sep 2017,0.8500,0.8500,0.8500,0.8500,0.5902,10000,
22 Sep 2017,0.8100,0.8100,0.8100,0.8100,0.5625,0,
15 Sep 2017,0.8100,0.8100,0.8100,0.8100,0.5625,0,
8 Sep 2017,0.8100,0.8100,0.8100,0.8100,0.5625,0,
1 Sep 2017,0.8100,0.8100,0.8100,0.8100,0.5625,0,
25 Aug 2017,0.8350,0.8350,0.8100,0.8100,0.5625,95000,
18 Aug 2017,0.8600,0.8900,0.8500,0.8900,0.6180,34300,
11 Aug 2017,0.8000,0.9100,0.7500,0.8600,0.5972,131500,
4 Aug 2017,0.8000,0.8000,0.8000,0.8000,0.5555,0,
28 Jul 2017,0.7500,0.8000,0.7500,0.8000,0.5555,34000,
21 Jul 2017,0.8250,0.8250,0.8200,0.8200,0.5694,18100,
14 Jul 2017,0.8000,0.8100,0.7000,0.8100,0.5625,34000,
7 Jul 2017,0.7500,0.8000,0.7500,0.8000,0.5555,8000,
30 Jun 2017,0.7500,0.7500,0.7500,0.7500,0.5208,0,
23 Jun 2017,0.7500,0.7500,0.7500,0.7500,0.5208,0,
16 Jun 2017,0.7200,0.7500,0.7200,0.7500,0.5208,13000,
9 Jun 2017,0.7200,0.7200,0.7200,0.7200,0.5000,0,
2 Jun 2017,0.7200,0.7200,0.7200,0.7200,0.5000,0,
26 May 2017,0.8000,0.8000,0.7200,0.7200,0.5000,77500,
19 May 2017,0.8200,0.8200,0.8200,0.8200,0.5694,0,
12 May 2017,0.8000,0.8400,0.7150,0.8200,0.5694,64000,
5 May 2017,0.7900,0.8000,0.7900,0.8000,0.5555,66000,
28 Apr 2017,0.5400,0.7900,0.5400,0.7900,0.5486,134200,
21 Apr 2017,0.5600,0.5600,0.5400,0.5400,0.3750,23700,
14 Apr 2017,0.5700,0.5700,0.5600,0.5600,0.3889,12000,
7 Apr 2017,0.5700,0.5700,0.5700,0.5700,0.3958,0,
31 Mar 2017,0.5700,0.5700,0.5700,0.5700,0.3958,0,
24 Mar 2017,0.5700,0.5700,0.5700,0.5700,0.3958,0,
17 Mar 2017,0.5700,0.5700,0.5700,0.5700,0.3958,0,
10 Mar 2017,0.5700,0.5700,0.5700,0.5700,0.3958,0,
3 Mar 2017,0.5900,0.5900,0.5700,0.5700,0.3958,700,
24 Feb 2017,0.5900,0.5900,0.5900,0.5900,0.4097,0,
17 Feb 2017,0.5900,0.5900,0.5900,0.5900,0.4097,0,
10 Feb 2017,0.5900,0.5900,0.5900,0.5900,0.4097,2000,
3 Feb 2017,0.5900,0.5900,0.5900,0.5900,0.4097,0,
27 Jan 2017,0.5900,0.5900,0.5900,0.5900,0.4097,0,
20 Jan 2017,0.5850,0.5900,0.5850,0.5900,0.4097,31500,
13 Jan 2017,0.5600,0.5600,0.5600,0.5600,0.3889,500,
6 Jan 2017,0.5950,0.5950,0.5950,0.5950,0.4132,0,
30 Dec 2016,0.5200,0.5950,0.4000,0.5950,0.4132,10100,
23 Dec 2016,0.5200,0.5200,0.5200,0.5200,0.3611,0,
16 Dec 2016,0.5200,0.5200,0.5200,0.5200,0.3611,0,
9 Dec 2016,0.5200,0.5200,0.5200,0.5200,0.3611,0,
2 Dec 2016,0.5200,0.5200,0.5200,0.5200,0.3611,0,
25 Nov 2016,0.5200,0.5200,0.5200,0.5200,0.3611,0,
18 Nov 2016,0.5200,0.5200,0.5200,0.5200,0.3611,0,
11 Nov 2016,0.6500,0.6500,0.5200,0.5200,0.3611,4900,
4 Nov 2016,0.5000,0.6500,0.4000,0.6500,0.4513,5100,
28 Oct 2016,0.5000,0.5000,0.5000,0.5000,0.3472,0,
21 Oct 2016,0.5000,0.5000,0.5000,0.5000,0.3472,0,
14 Oct 2016,0.5000,0.5000,0.5000,0.5000,0.3472,0,
7 Oct 2016,0.5000,0.5000,0.5000,0.5000,0.3472,0,
30 Sep 2016,0.5000,0.5000,0.5000,0.5000,0.3472,0,
23 Sep 2016,0.5400,0.5400,0.5000,0.5000,0.3472,18400,
16 Sep 2016,0.5400,0.5400,0.5400,0.5400,0.3750,0,
9 Sep 2016,0.5400,0.5400,0.5400,0.5400,0.3750,0,
2 Sep 2016,0.5400,0.5400,0.5400,0.5400,0.3750,0,
26 Aug 2016,0.5400,0.5400,0.5400,0.5400,0.3750,0,
19 Aug 2016,0.5400,0.5400,0.5400,0.5400,0.3750,0,
12 Aug 2016,0.5400,0.5400,0.5400,0.5400,0.3750,0,
5 Aug 2016,0.5400,0.5400,0.5400,0.5400,0.3750,0,
3 May 2016,,,,,,,0.0450 Dividend
30 Jun 2011,,,,,,,0.0900 Dividend
29 Apr 2011,,,,,,,0.0100 Dividend
4 May 2010,,,,,,,0.1000 Dividend
5 May 2009,,,,,,,0.1000 Dividend
18 Sep 2008,,,,,,,0.1000 Dividend
