Symbol,Company Name,Type,Role,Sector,Enabled
1A1,Wong Fong Industries Limited,Stock,Ignore,Industrials,TRUE
1AZ,Audience Analytics Limited,Stock,Ignore,Industrials,TRUE
1B0,mm2 Asia Ltd.,Stock,Ignore,Industrials,TRUE
1B1,HC Surgical Specialists Limited,Stock,Ignore,Health Care,TRUE
1B6,Ocean Sky International Limited,Stock,Ignore,Industrials,TRUE
1D0,Kimly Limited,Stock,Ignore,Consumer Staples,TRUE
1D1,UnUsUaL Limited,Stock,Ignore,Industrials,TRUE
1D3,Autagco Ltd.,Stock,Ignore,Industrials,TRUE
1D4,Aoxin Q & M Dental Group Limited,Stock,Ignore,Health Care,TRUE
1D5,Capital World Limited,Stock,Ignore,Financials,TRUE
1E3,Sanli Environmental Limited,Stock,Ignore,Industrials,TRUE
1F0,shopper360 Limited,Stock,Ignore,Consumer Discretionary,TRUE
1F1,Y Ventures Group Ltd.,Stock,Ignore,Industrials,TRUE
1F2,Union Gas Holdings Limited,Stock,Dividend_Secondary,Energy,TRUE
1F3,Aspen (Group) Holdings Limited,Stock,Dividend_Secondary,Financials,TRUE
1H2,Olive Tree Estates Limited,Stock,Ignore,Real Estate,TRUE
1H3,Clearbridge Health Limited,Stock,Ignore,Health Care,TRUE
1H8,LY Corporation Limited,Stock,Ignore,Industrials,TRUE
1J4,JEP Holdings Ltd.,Stock,Dividend_Secondary,Financials,TRUE
1J5,Hyphens Pharma International Limited,Stock,Ignore,Health Care,TRUE
1L2,Hiap Seng Industries Limited,Stock,Ignore,Industrials,TRUE
1MZ,Nam Cheong Limited,Stock,Ignore,Industrials,TRUE
1R6,Avi-Tech Holdings Limited,Stock,Dividend_Secondary,Information Technology,TRUE
1U8,Rich Capital Holdings Limited,Stock,Dividend_Secondary,Financials,TRUE
1V3,Mooreast Holdings Ltd.,Stock,Dividend_Secondary,Financials,TRUE
1Y1,9R Limited,Stock,Ignore,Industrials,TRUE
40N,Versalink Holdings Limited,Stock,Dividend_Secondary,Financials,TRUE
40T,ISEC Healthcare Ltd.,Stock,Ignore,Health Care,TRUE
40V,Alset International Limited,Stock,Ignore,Industrials,TRUE
40W,ZICO Holdings Inc.,Stock,Dividend_Secondary,Financials,TRUE
41B,Huationg Global Limited,Stock,Ignore,Industrials,TRUE
41F,GSS Energy Limited,Stock,Ignore,Energy,TRUE
41O,LHN Limited,Stock,Ignore,Industrials,TRUE
41T,GCCP Resources Limited,Stock,Ignore,Materials,TRUE
42C,iX Biopharma Ltd.,Stock,Ignore,Health Care,TRUE
42E,Choo Chiang Holdings Ltd.,Stock,Dividend_Secondary,Industrials,TRUE
42F,TOTM Technologies Limited,Stock,Ignore,Information Technology,TRUE
42L,Taka Jewellery Holdings Limited,Stock,Dividend_Secondary,Consumer Discretionary,TRUE
42N,IPS Securex Holdings Limited,Stock,Dividend_Secondary,Financials,TRUE
42R,Jumbo Group Limited,Stock,Ignore,Consumer Staples,TRUE
42T,The Trendlines Group Ltd.,Stock,Ignore,Industrials,TRUE
42W,Zixin Group Holdings Limited,Stock,Dividend_Secondary,Financials,TRUE
42Z,Eindec Corporation Limited,Stock,Ignore,Industrials,TRUE
43A,GS Holdings Limited,Stock,Dividend_Secondary,Financials,TRUE
43B,Secura Group Limited,Stock,Ignore,Industrials,TRUE
43E,VCPlus Limited,Stock,Ignore,Industrials,TRUE
43F,AcroMeta Group Limited,Stock,Ignore,Industrials,TRUE
43Q,Advancer Global Limited,Stock,Ignore,Industrials,TRUE
49B,AMOS Group Limited,Stock,Ignore,Industrials,TRUE
500,Tai Sin Electric Limited,Stock,Ignore,Industrials,TRUE
504,HS Optimus Holdings Limited,Stock,Dividend_Secondary,Financials,TRUE
505,AsiaMedic Limited,Stock,Ignore,Health Care,TRUE
508,Fuji Offset Plates Manufacturing Ltd,Stock,Ignore,Industrials,TRUE
532,DISA Limited,Stock,Ignore,Industrials,TRUE
533,ABR Holdings Limited,Stock,Dividend_Secondary,Financials,TRUE
53W,Attika Group Ltd.,Stock,Ignore,Industrials,TRUE
540,Tung Lok Restaurants (2000) Ltd,Stock,Ignore,Consumer Staples,TRUE
541,Abundance International Limited,Stock,Ignore,Industrials,TRUE
543,Noel Gifts International Ltd,Stock,Ignore,Industrials,TRUE
544,CSE Global Limited,Stock,Ignore,Industrials,TRUE
546,Medtecs International Corporation Limited,Stock,Ignore,Health Care,TRUE
554,King Wan Corporation Limited,Stock,Ignore,Industrials,TRUE
558,UMS Integration Limited,Stock,Ignore,Information Technology,TRUE
566,SHS Holdings Ltd.,Stock,Dividend_Secondary,Financials,TRUE
569,Vicplas International Ltd,Stock,Ignore,Industrials,TRUE
570,Abundante Limited,Stock,Ignore,Industrials,TRUE
575,ASTI Holdings Limited,Stock,Dividend_Secondary,Financials,TRUE
579,Oceanus Group Limited,Stock,Ignore,Consumer Staples,TRUE
580,Santak Holdings Limited,Stock,Dividend_Secondary,Financials,TRUE
581,Sunrise Shares Holdings Ltd.,Stock,Dividend_Secondary,Financials,TRUE
583,Progen Holdings Ltd,Stock,Dividend_Secondary,Financials,TRUE
584,AJJ Medtech Holdings Limited,Stock,Dividend_Secondary,Health Care,TRUE
585,Asian Micro Holdings Limited,Stock,Dividend_Secondary,Financials,TRUE
594,CapAllianz Holdings Limited,Stock,Dividend_Secondary,Financials,TRUE
595,GKE Corporation Limited,Stock,Ignore,Industrials,TRUE
596,Pavillon Holdings Ltd.,Stock,Dividend_Secondary,Financials,TRUE
5AB,Trek 2000 International Ltd,Stock,Ignore,Industrials,TRUE
5AE,Pollux Properties Ltd.,Stock,Ignore,Industrials,TRUE
5AI,H2G Green Limited,Stock,Ignore,Industrials,TRUE
5AL,Annica Holdings Limited,Stock,Dividend_Secondary,Financials,TRUE
5AU,AP Oil International Limited,Stock,Ignore,Energy,TRUE
5BI,Polaris Ltd.,Stock,Ignore,Industrials,TRUE
5CF,OKP Holdings Limited,Stock,Dividend_Secondary,Financials,TRUE
5CR,Asiatic Group (Holdings) Limited,Stock,Dividend_Secondary,Financials,TRUE
5DD,Micro-Mechanics (Holdings) Ltd.,Stock,Dividend_Secondary,Financials,TRUE
5DM,Ying Li International Real Estate Limited,Stock,Ignore,Real Estate,TRUE
5DO,Sakae Holdings Ltd.,Stock,Dividend_Secondary,Financials,TRUE
5DP,Heeton Holdings Limited,Stock,Dividend_Secondary,Financials,TRUE
5DS,Megachem Limited,Stock,Ignore,Materials,TRUE
5DX,Meta Health Limited,Stock,Ignore,Health Care,TRUE
5E2,Seatrium Limited,Stock,Ignore,Industrials,TRUE
5EB,CFM Holdings Limited,Stock,Dividend_Secondary,Financials,TRUE
5EF,Adventus Holdings Limited,Stock,Dividend_Secondary,Financials,TRUE
5EG,Zhongxin Fruit and Juice Limited,Stock,Ignore,Consumer Staples,TRUE
5EV,Hosen Group Ltd.,Stock,Ignore,Consumer Staples,TRUE
5EW,Sevens Atelier Limited,Stock,Ignore,Industrials,TRUE
5F4,Figtree Holdings Limited,Stock,Dividend_Secondary,Financials,TRUE
5F7,Wilton Resources Corporation Limited,Stock,Ignore,Materials,TRUE
5FW,Acesian Partners Limited,Stock,Ignore,Industrials,TRUE
5FX,New Wave Holdings Ltd.,Stock,Dividend_Secondary,Financials,TRUE
5G1,EuroSports Global Limited,Stock,Ignore,Consumer Discretionary,TRUE
5G2,Kim Heng Limited,Stock,Ignore,Industrials,TRUE
5G9,Tritech Group Limited,Stock,Ignore,Information Technology,TRUE
5GD,Sunpower Group Ltd.,Stock,Ignore,Industrials,TRUE
5GI,Interra Resources Limited,Stock,Ignore,Materials,TRUE
5GZ,HGH Holdings Ltd.,Stock,Dividend_Secondary,Financials,TRUE
5HG,Edition Ltd.,Stock,Ignore,Industrials,TRUE
5HH,Prospera Global Limited,Stock,Ignore,Industrials,TRUE
5HV,Koh Brothers Eco Engineering Limited,Stock,Ignore,Industrials,TRUE
5I1,KOP Limited,Stock,Ignore,Industrials,TRUE
5IC,Sing Holdings Limited,Stock,Dividend_Secondary,Financials,TRUE
5IF,Natural Cool Holdings Limited,Stock,Dividend_Secondary,Financials,TRUE
5IG,Gallant Venture Ltd.,Stock,Ignore,Industrials,TRUE
5JK,Hiap Hoe Limited,Stock,Ignore,Industrials,TRUE
5JS,Indofood Agri Resources Ltd.,Stock,Ignore,Consumer Staples,TRUE
5KI,Soup Holdings Limited,Stock,Dividend_Secondary,Financials,TRUE
5LE,Sitra Holdings (International) Limited,Stock,Dividend_Secondary,Financials,TRUE
5LY,Marco Polo Marine Ltd.,Stock,Ignore,Industrials,TRUE
5MD,Soon Lian Holdings Limited,Stock,Dividend_Secondary,Financials,TRUE
5ML,Old Chang Kee Ltd.,Stock,Ignore,Consumer Staples,TRUE
5MZ,Kingsmen Creatives Ltd.,Stock,Ignore,Industrials,TRUE
5NF,Mencast Holdings Ltd.,Stock,Dividend_Secondary,Financials,TRUE
5NV,Chasen Holdings Limited,Stock,Dividend_Secondary,Financials,TRUE
5OC,Koyo International Limited,Stock,Ignore,Industrials,TRUE
5OI,Japan Foods Holding Ltd.,Stock,Ignore,Consumer Staples,TRUE
5OQ,TEHO International Inc Ltd.,Stock,Ignore,Industrials,TRUE
5OR,Heatec Jietong Holdings Ltd.,Stock,Dividend_Secondary,Financials,TRUE
5OX,Mary Chia Holdings Limited,Stock,Dividend_Secondary,Financials,TRUE
5PC,Goodland Group Limited,Stock,Ignore,Industrials,TRUE
5PD,Hengyang Petrochemical Logistics Limited,Stock,Ignore,Industrials,TRUE
5PF,Jason Marine Group Limited,Stock,Ignore,Industrials,TRUE
5PO,Hiap Tong Corporation Ltd.,Stock,Ignore,Industrials,TRUE
5QY,Net Pacific Holdings Limited,Stock,Dividend_Secondary,Financials,TRUE
5RA,Asia-Pacific Strategic Investments Limited,Stock,Ignore,Financials,TRUE
5RC,ES Group (Holdings) Limited,Stock,Dividend_Secondary,Financials,TRUE
5RE,Asia Vets Holdings Ltd.,Stock,Dividend_Secondary,Financials,TRUE
5SO,Duty Free International Limited,Stock,Ignore,Consumer Discretionary,TRUE
5SR,Zhongmin Baihui Retail Group Ltd.,Stock,Ignore,Consumer Discretionary,TRUE
5SY,OneApex Limited,Stock,Ignore,Industrials,TRUE
5TJ,Far East Group Limited,Stock,Ignore,Industrials,TRUE
5TP,CNMC Goldmine Holdings Limited,Stock,Dividend_Secondary,Financials,TRUE
5TT,Keong Hong Holdings Limited,Stock,Dividend_Secondary,Financials,TRUE
5UA,Luminor Financial Holdings Limited,Stock,Dividend_Secondary,Financials,TRUE
5UF,Aspial Lifestyle Limited,Stock,Ignore,Consumer Discretionary,TRUE
5UL,Atlantic Navigation Holdings (Singapore) Limited,Stock,Dividend_Secondary,Financials,TRUE
5UX,Oxley Holdings Limited,Stock,Dividend_Secondary,Financials,TRUE
5VC,Kori Holdings Limited,Stock,Dividend_Secondary,Financials,TRUE
5VP,GDS Global Limited,Stock,Ignore,Information Technology,TRUE
5VS,Hafary Holdings Limited,Stock,Dividend_Secondary,Financials,TRUE
5WA,OUE Healthcare Limited,Stock,Ignore,Health Care,TRUE
5WF,ISOTeam Ltd.,Stock,Ignore,Industrials,TRUE
5WH,Rex International Holding Limited,Stock,Ignore,Industrials,TRUE
5WJ,MoneyMax Financial Services Ltd.,Stock,Dividend_Secondary,Financials,TRUE
5WV,AsiaPhos Limited,Stock,Ignore,Materials,TRUE
8A1,Heptamax International Limited,Stock,Ignore,Industrials,TRUE
8A8,China Medical System Holdings Limited,Stock,Dividend_Secondary,Health Care,TRUE
8AZ,Aztech Global Ltd.,Stock,Ignore,Information Technology,TRUE
8C8U,Centurion Accommodation REIT,REIT,Dividend_Core,Real Estate,TRUE
8K7,UG Healthcare Corporation Limited,Stock,Ignore,Health Care,TRUE
8YY,Embracing Future Holdings Limited,Stock,Dividend_Secondary,Financials,TRUE
8YZ,Yangzijiang Maritime Development Ltd.,Stock,Ignore,Real Estate,TRUE
9A4U,ESR-REIT,REIT,Dividend_Core,Real Estate,TRUE
9CI,CapitaLand Investment Limited,Stock,Ignore,Financials,TRUE
9G2,Singapore Institute of Advanced Medicine Holdings Ltd.,Stock,Dividend_Secondary,Health Care,TRUE
9I7,Bromat Holdings Ltd.,Stock,Dividend_Secondary,Financials,TRUE
9QX,Beverly Wilshire Ltd.,Stock,Ignore,Industrials,TRUE
9VW,Spackman Entertainment Group Limited,Stock,Ignore,Communication Services,TRUE
A04,ASL Marine Holdings Ltd.,Stock,Dividend_Secondary,Industrials,TRUE
A17U,CapitaLand Ascendas REIT,REIT,Dividend_Core,Real Estate,TRUE
A30,Aspial Corporation Limited,Stock,Ignore,Industrials,TRUE
A31,Addvalue Technologies Ltd,Stock,Ignore,Information Technology,TRUE
A33,Southern Archipelago Ltd.,Stock,Ignore,Industrials,TRUE
A35,ABF Singapore Bond Index Fund,ETF,Macro_Signal,Financials,TRUE
A50,Thomson Medical Group Limited,Stock,Ignore,Health Care,TRUE
A52,AnnAik Limited,Stock,Ignore,Industrials,TRUE
A55,Asia Enterprises Holding Limited,Stock,Ignore,Industrials,TRUE
A7RU,Keppel Infrastructure Trust,Trust,Dividend_Secondary,Utilities,TRUE
AAJ,Sunmoon Food Company Limited,Stock,Ignore,Consumer Staples,TRUE
ADN,First Sponsor Group Limited,Stock,Ignore,Industrials,TRUE
AGS,The Hour Glass Limited,Stock,Ignore,Consumer Discretionary,TRUE
AIY,iFAST Corporation Ltd.,Stock,Ignore,Financials,TRUE
AJ2,Ouhua Energy Holdings Limited,Stock,Dividend_Secondary,Energy,TRUE
AJBU,Keppel DC REIT,REIT,Dividend_Core,Real Estate,TRUE
AOF,Amplefield Limited,Stock,Ignore,Industrials,TRUE
AP4,Riverstone Holdings Limited,Stock,Dividend_Secondary,Financials,TRUE
AU8U,CapitaLand China Trust,Trust,Dividend_Secondary,Real Estate,TRUE
AVP,"AvePoint, Inc.",Stock,Ignore,Information Technology,TRUE
AVX,HL Global Enterprises Limited,Stock,Ignore,Industrials,TRUE
AW9U,First Real Estate Investment Trust,Trust,Dividend_Secondary,Real Estate,TRUE
AWC,Brook Crompton Holdings Ltd.,Stock,Dividend_Secondary,Financials,TRUE
AWG,Ascent Bridge Limited,Stock,Ignore,Industrials,TRUE
AWI,Thakral Corporation Ltd,Stock,Ignore,Industrials,TRUE
AWK,Fuxing China Group Limited,Stock,Ignore,Industrials,TRUE
AWM,Shanghai Turbo Enterprises Ltd,Stock,Ignore,Industrials,TRUE
AWV,Captii Limited,Stock,Ignore,Information Technology,TRUE
AWX,AEM Holdings Ltd.,Stock,Dividend_Secondary,Financials,TRUE
AWZ,Multi-Chem Limited,Stock,Ignore,Information Technology,TRUE
AYN,Global Testing Corporation Limited,Stock,Ignore,Industrials,TRUE
AYV,Acma Ltd.,Stock,Ignore,Industrials,TRUE
AZA,IPC Corporation Ltd,Stock,Ignore,Industrials,TRUE
B28,Bonvests Holdings Limited,Stock,Dividend_Secondary,Financials,TRUE
B49,World Precision Machinery Limited,Stock,Ignore,Industrials,TRUE
B58,Banyan Tree Holdings Limited,Stock,Dividend_Secondary,Financials,TRUE
B61,Bukit Sembawang Estates Limited,Stock,Ignore,Real Estate,TRUE
B69,Broadway Industrial Group Limited,Stock,Ignore,Industrials,TRUE
BAC,Camsing Healthcare Limited,Stock,Ignore,Health Care,TRUE
BAI,Digilife Technologies Limited,Stock,Ignore,Information Technology,TRUE
BAZ,Lion Asiapac Limited,Stock,Ignore,Industrials,TRUE
BBP,Hor Kew Corporation Limited,Stock,Ignore,Industrials,TRUE
BBW,Azeus Systems Holdings Ltd.,Stock,Dividend_Secondary,Information Technology,TRUE
BCV,Qian Hu Corporation Limited,Stock,Ignore,Consumer Staples,TRUE
BCY,Powermatic Data Systems Limited,Stock,Ignore,Information Technology,TRUE
BCZ,Travelite Holdings Ltd.,Stock,Dividend_Secondary,Financials,TRUE
BDA,PNE Industries Ltd,Stock,Ignore,Industrials,TRUE
BDR,Willas-Array Electronics (Holdings) Limited,Stock,Dividend_Secondary,Information Technology,TRUE
BDU,Federal International (2000) Ltd,Stock,Ignore,Industrials,TRUE
BDX,GSH Corporation Limited,Stock,Ignore,Industrials,TRUE
BEC,BRC Asia Limited,Stock,Ignore,Industrials,TRUE
BEH,China International Holdings Limited,Stock,Dividend_Secondary,Financials,TRUE
BEI,LHT Holdings Limited,Stock,Dividend_Secondary,Financials,TRUE
BEW,JB Foods Limited,Stock,Ignore,Consumer Staples,TRUE
BEZ,Beng Kuang Marine Limited,Stock,Ignore,Industrials,TRUE
BFI,Tiong Seng Holdings Limited,Stock,Dividend_Secondary,Financials,TRUE
BFK,Pharmesis International Ltd.,Stock,Ignore,Industrials,TRUE
BFT,Lincotrade & Associates Holdings Limited,Stock,Dividend_Secondary,Financials,TRUE
BFU,Tye Soon Limited,Stock,Ignore,Industrials,TRUE
BHD,China Mining International Limited,Stock,Ignore,Materials,TRUE
BHK,SIIC Environment Holdings Ltd.,Stock,Dividend_Secondary,Industrials,TRUE
BHU,SUTL Enterprise Limited,Stock,Ignore,Industrials,TRUE
BIP,Vibrant Group Limited,Stock,Ignore,Industrials,TRUE
BIX,Ellipsiz Ltd,Stock,Ignore,Information Technology,TRUE
BJD,VibroPower Corporation Limited,Stock,Ignore,Industrials,TRUE
BJV,Yamada Green Resources Limited,Stock,Ignore,Materials,TRUE
BJZ,Koda Ltd,Stock,Ignore,Industrials,TRUE
BKA,Sin Heng Heavy Machinery Limited,Stock,Ignore,Industrials,TRUE
BKK,Luxking Group Holdings Limited,Stock,Dividend_Secondary,Financials,TRUE
BKV,China Shenshan Orchard Holdings Co. Ltd.,Stock,Dividend_Secondary,Consumer Staples,TRUE
BKW,Datapulse Technology Limited,Stock,Ignore,Information Technology,TRUE
BKX,Yongmao Holdings Limited,Stock,Dividend_Secondary,Financials,TRUE
BKZ,Suntar Eco-City Limited,Stock,Ignore,Industrials,TRUE
BLR,Darco Water Technologies Limited,Stock,Ignore,Information Technology,TRUE
BLS,Hotung Investment Holdings Limited,Stock,Dividend_Secondary,Financials,TRUE
BLU,GRP Limited,Stock,Ignore,Industrials,TRUE
BLZ,Advanced Holdings Ltd.,Stock,Dividend_Secondary,Financials,TRUE
BMGU,BHG Retail REIT,REIT,Dividend_Core,Real Estate,TRUE
BN2,Valuetronics Holdings Limited,Stock,Dividend_Secondary,Financials,TRUE
BN4,Keppel Ltd.,Stock,Ignore,Industrials,TRUE
BNE,Kencana Agri Limited,Stock,Ignore,Consumer Staples,TRUE
BPF,YHI International Limited,Stock,Ignore,Industrials,TRUE
BQC,A-Smart Holdings Ltd.,Stock,Dividend_Secondary,Financials,TRUE
BQD,Envictus International Holdings Limited,Stock,Dividend_Secondary,Financials,TRUE
BQF,XMH Holdings Ltd.,Stock,Dividend_Secondary,Financials,TRUE
BQM,Tiong Woon Corporation Holding Ltd,Stock,Ignore,Industrials,TRUE
BQN,BH Global Corporation Limited,Stock,Ignore,Industrials,TRUE
BQP,Southern Packaging Group Limited,Stock,Ignore,Industrials,TRUE
BRD,Sapphire Corporation Limited,Stock,Ignore,Industrials,TRUE
BS6,Yangzijiang Shipbuilding (Holdings) Ltd.,Stock,Dividend_Secondary,Industrials,TRUE
BSL,Raffles Medical Group Ltd,Stock,Ignore,Health Care,TRUE
BTE,Bund Center Investment Ltd,Stock,Ignore,Financials,TRUE
BTG,HG Metal Manufacturing Limited,Stock,Ignore,Industrials,TRUE
BTJ,A-Sonic Aerospace Limited,Stock,Ignore,Industrials,TRUE
BTM,Penguin International Limited,Stock,Ignore,Industrials,TRUE
BTOU,Manulife US Real Estate Investment Trust,Trust,Dividend_Secondary,Real Estate,TRUE
BTP,Baker Technology Limited,Stock,Ignore,Information Technology,TRUE
BTX,Anchun International Holdings Ltd.,Stock,Dividend_Secondary,Financials,TRUE
BUOU,Frasers Logistics & Commercial Trust,Trust,Dividend_Secondary,Real Estate,TRUE
BVA,Top Glove Corporation Bhd.,Stock,Ignore,Industrials,TRUE
BWM,Zheneng Jinjiang Environment Holding Company Limited,Stock,Ignore,Industrials,TRUE
BXE,CDW Holding Limited,Stock,Ignore,Industrials,TRUE
C04,Casa Holdings Limited,Stock,Dividend_Secondary,Financials,TRUE
C05,Chemical Industries (Far East) Limited,Stock,Ignore,Materials,TRUE
C06,CSC Holdings Limited,Stock,Dividend_Secondary,Financials,TRUE
C07,Jardine Cycle & Carriage Limited,Stock,Ignore,Industrials,TRUE
C09,City Developments Limited,Stock,Ignore,Real Estate,TRUE
C13,CH Offshore Ltd.,Stock,Ignore,Industrials,TRUE
C2PU,Parkway Life Real Estate Investment Trust,Trust,Dividend_Secondary,Real Estate,TRUE
C33,Chuan Hup Holdings Limited,Stock,Dividend_Secondary,Financials,TRUE
C38U,CapitaLand Integrated Commercial Trust,Trust,Dividend_Secondary,Real Estate,TRUE
C41,Cortina Holdings Limited,Stock,Dividend_Secondary,Financials,TRUE
C52,ComfortDelGro Corporation Limited,Stock,Ignore,Industrials,TRUE
C6L,Singapore Airlines Limited,Stock,Ignore,Industrials,TRUE
C76,Creative Technology Ltd,Stock,Ignore,Information Technology,TRUE
C8R,Jiutian Chemical Group Limited,Stock,Ignore,Materials,TRUE
C9Q,Sinostar PEC Holdings Limited,Stock,Dividend_Secondary,Financials,TRUE
CC3,StarHub Ltd,Stock,Dividend_Secondary,Communication Services,TRUE
CEDU,Dasin Retail Trust,Trust,Dividend_Secondary,Real Estate,TRUE
CFA,NikkoAM-StraitsTrading Asia ex Japan REIT ETF,ETF,Macro_Signal,Real Estate,TRUE
CHJ,Uni-Asia Group Limited,Stock,Ignore,Industrials,TRUE
CHZ,HRnetGroup Limited,Stock,Ignore,Industrials,TRUE
CIN,Courage Investment Group Limited,Stock,Ignore,Financials,TRUE
CJLU,NetLink NBN Trust,Trust,Dividend_Secondary,Communication Services,TRUE
CJN,British and Malayan Holdings Limited,Stock,Dividend_Secondary,Financials,TRUE
CLN,APAC Realty Limited,Stock,Ignore,Real Estate,TRUE
CLR,Lion-Phillip S-REIT ETF,ETF,Macro_Signal,Real Estate,TRUE
CMOU,KORE US REIT,REIT,Dividend_Core,Real Estate,TRUE
CNE,MindChamps PreSchool Limited,Stock,Ignore,Industrials,TRUE
CRPU,Sasseur Real Estate Investment Trust,Trust,Dividend_Secondary,Real Estate,TRUE
CTO,Hong Lai Huat Group Limited,Stock,Ignore,Industrials,TRUE
CWBU,Stoneweg Europe Stapled Trust,Trust,Dividend_Secondary,Real Estate,TRUE
CWCU,Stoneweg Europe Stapled Trust,Trust,Dividend_Secondary,Real Estate,TRUE
CY6U,CapitaLand India Trust,Trust,Dividend_Secondary,Real Estate,TRUE
CYW,TrickleStar Limited,Stock,Ignore,Industrials,TRUE
D01,DFI Retail Group Holdings Limited,Stock,Dividend_Secondary,Consumer Discretionary,TRUE
D03,Del Monte Pacific Limited,Stock,Ignore,Industrials,TRUE
D05,DBS Group Holdings Ltd,Stock,Dividend_Secondary,Financials,TRUE
D5IU,Lippo Malls Indonesia Retail Trust,Trust,Dividend_Secondary,Real Estate,TRUE
D8DU,First Ship Lease Trust,Trust,Dividend_Secondary,Industrials,TRUE
DCRU,Digital Core REIT,REIT,Dividend_Core,Real Estate,TRUE
DHLU,Daiwa House Logistics Trust,Trust,Dividend_Secondary,Real Estate,TRUE
DM0,PSC Corporation Ltd.,Stock,Ignore,Industrials,TRUE
DRX,ST Group Food Industries Holdings Limited,Stock,Dividend_Secondary,Consumer Staples,TRUE
DU4,Mermaid Maritime Public Company Limited,Stock,Ignore,Industrials,TRUE
E27,The Place Holdings Limited,Stock,Dividend_Secondary,Financials,TRUE
E28,Frencken Group Limited,Stock,Ignore,Industrials,TRUE
E3B,Wee Hur Holdings Ltd.,Stock,Dividend_Secondary,Financials,TRUE
E5H,Golden Agri-Resources Ltd,Stock,Ignore,Materials,TRUE
E6R,Le tree Holdings Limited,Stock,Dividend_Secondary,Financials,TRUE
E9L,Joyas International Holdings Limited,Stock,Dividend_Secondary,Financials,TRUE
EB5,First Resources Limited,Stock,Ignore,Materials,TRUE
EH5,United Overseas Australia Ltd,Stock,Ignore,Industrials,TRUE
EMI,Emperador Inc.,Stock,Ignore,Industrials,TRUE
ENV,LS 2 Holdings Limited,Stock,Dividend_Secondary,Financials,TRUE
ER0,KSH Holdings Limited,Stock,Dividend_Secondary,Financials,TRUE
ES3,SPDR STI ETF,ETF,Macro_Signal,Financials,TRUE
F03,Food Empire Holdings Limited,Stock,Dividend_Secondary,Consumer Staples,TRUE
F10,F J Benjamin Holdings Ltd,Stock,Dividend_Secondary,Financials,TRUE
F13,Fu Yu Corporation Limited,Stock,Ignore,Industrials,TRUE
F17,GuocoLand Limited,Stock,Ignore,Industrials,TRUE
F1E,Low Keng Huat (Singapore) Limited,Stock,Ignore,Industrials,TRUE
F34,Wilmar International Limited,Stock,Ignore,Industrials,TRUE
F83,"COSCO SHIPPING International (Singapore) Co., Ltd.",Stock,Ignore,Industrials,TRUE
F86,MYP Ltd.,Stock,Ignore,Industrials,TRUE
F99,"Fraser and Neave, Limited",Stock,Ignore,Industrials,TRUE
F9D,Boustead Singapore Limited,Stock,Ignore,Industrials,TRUE
FQ7,Salt Investments Limited,Stock,Ignore,Financials,TRUE
FRQ,Singapore Paincare Holdings Limited,Stock,Dividend_Secondary,Financials,TRUE
G07,Great Eastern Holdings Limited,Stock,Dividend_Secondary,Financials,TRUE
G0I,Nam Lee Pressed Metal Industries Limited,Stock,Ignore,Industrials,TRUE
G13,Genting Singapore Limited,Stock,Ignore,Industrials,TRUE
G20,GP Industries Limited,Stock,Ignore,Industrials,TRUE
G3B,Nikko AM STI ETF,ETF,Macro_Signal,Financials,TRUE
G50,Grand Banks Yachts Limited,Stock,Dividend_Secondary,Financials,TRUE
G92,China Aviation Oil (Singapore) Corporation Ltd,Stock,Ignore,Energy,TRUE
GEH,Goodwill Entertainment Holding Limited,Stock,Ignore,Communication Services,TRUE
GRQ,UpHealth Group Limited,Stock,Ignore,Health Care,TRUE
GU5,China Kunda Technology Holdings Limited,Stock,Dividend_Secondary,Information Technology,TRUE
H02,Haw Par Corporation Limited,Stock,Ignore,Industrials,TRUE
H07,Stamford Land Corporation Ltd,Stock,Ignore,Industrials,TRUE
H12,Hotel Royal Limited,Stock,Ignore,Industrials,TRUE
H13,Ho Bee Land Limited,Stock,Ignore,Industrials,TRUE
H15,Hotel Properties Limited,Stock,Ignore,Industrials,TRUE
H18,Hotel Grand Central Limited,Stock,Ignore,Industrials,TRUE
H20,Hoe Leong Corporation Ltd.,Stock,Ignore,Industrials,TRUE
H22,Hong Leong Asia Ltd.,Stock,Ignore,Industrials,TRUE
H30,Hong Fok Corporation Limited,Stock,Ignore,Industrials,TRUE
H78,Hongkong Land Holdings Limited,Stock,Dividend_Secondary,Financials,TRUE
HBBD,Alibaba Group Holding Limited,Stock,Ignore,Industrials,TRUE
HBND,Bank of China Limited,Stock,Dividend_Secondary,Financials,TRUE
HBUD,"Baidu, Inc.",Stock,Ignore,Industrials,TRUE
HCCD,"Contemporary Amperex Technology Co., Limited",Stock,Ignore,Information Technology,TRUE
HCMD,China Mobile Limited,Stock,Ignore,Industrials,TRUE
HHZD,Horizon Robotics,Stock,Ignore,Information Technology,TRUE
HJDD,"JD.com, Inc.",Stock,Ignore,Industrials,TRUE
HLS,Helens International Holdings Company Limited,Stock,Dividend_Secondary,Financials,TRUE
HMN,CapitaLand Ascott Trust,Trust,Dividend_Secondary,Real Estate,TRUE
HMTD,Meituan,Stock,Ignore,Industrials,TRUE
HPAD,"Ping An Insurance (Group) Company of China, Ltd.",Stock,Ignore,Financials,TRUE
HPCD,PetroChina Company Limited,Stock,Ignore,Industrials,TRUE
HPPD,Pop Mart International Group Limited,Stock,Ignore,Industrials,TRUE
HQU,Oiltek International Limited,Stock,Ignore,Energy,TRUE
HSHD,HSBC Holdings plc,Stock,Dividend_Secondary,Financials,TRUE
HSMD,Semiconductor Manufacturing International Corporation,Stock,Ignore,Information Technology,TRUE
HTCD,Tencent Holdings Limited,Stock,Dividend_Secondary,Financials,TRUE
HXXD,Xiaomi Corporation,Stock,Ignore,Industrials,TRUE
HYDD,BYD Company Limited,Stock,Ignore,Industrials,TRUE
I06,Intraco Limited,Stock,Ignore,Industrials,TRUE
I07,ISDN Holdings Limited,Stock,Dividend_Secondary,Financials,TRUE
I11,Renaissance United Limited,Stock,Ignore,Industrials,TRUE
I49,IFS Capital Limited,Stock,Ignore,Financials,TRUE
IBKD,PT Bank Central Asia Tbk,Stock,Dividend_Secondary,Financials,TRUE
IICD,PT Indofood CBP Sukses Makmur Tbk,Stock,Ignore,Consumer Staples,TRUE
ITS,Info-Tech Systems Ltd.,Stock,Ignore,Information Technology,TRUE
J03,Jadason Enterprises Ltd,Stock,Ignore,Industrials,TRUE
J2T,Hock Lian Seng Holdings Limited,Stock,Dividend_Secondary,Financials,TRUE
J36,Jardine Matheson Holdings Limited,Stock,Dividend_Secondary,Financials,TRUE
J69U,Frasers Centrepoint Trust,Trust,Dividend_Secondary,Real Estate,TRUE
J85,CDL Hospitality Trusts,Trust,Dividend_Secondary,Real Estate,TRUE
JYEU,Lendlease Global Commercial REIT,REIT,Dividend_Core,Real Estate,TRUE
K03,Khong Guan Limited,Stock,Ignore,Industrials,TRUE
K29,Karin Technology Holdings Limited,Stock,Dividend_Secondary,Information Technology,TRUE
K6S,Prudential plc,Stock,Ignore,Industrials,TRUE
K71U,Keppel REIT,REIT,Dividend_Core,Real Estate,TRUE
K75,Koh Brothers Group Limited,Stock,Ignore,Industrials,TRUE
KJ5,BBR Holdings (S) Ltd,Stock,Dividend_Secondary,Financials,TRUE
KUH,TSH Corporation Limited,Stock,Ignore,Industrials,TRUE
KUO,International Cement Group Ltd.,Stock,Ignore,Industrials,TRUE
KUX,OIO Holdings Limited,Stock,Dividend_Secondary,Financials,TRUE
L02,Metis Energy Limited,Stock,Ignore,Energy,TRUE
L19,Lum Chang Holdings Limited,Stock,Dividend_Secondary,Financials,TRUE
L23,Enviro-Hub Holdings Ltd.,Stock,Dividend_Secondary,Financials,TRUE
L38,AF Global Limited,Stock,Ignore,Industrials,TRUE
LGH,Leong Guan Holdings Limited,Stock,Dividend_Secondary,Financials,TRUE
LJ3,OUE Limited,Stock,Ignore,Industrials,TRUE
LMS,LMS Compliance Ltd.,Stock,Ignore,Industrials,TRUE
LS9,Leader Environmental Technologies Limited,Stock,Ignore,Information Technology,TRUE
LVR,17LIVE Group Limited,Stock,Ignore,Communication Services,TRUE
LYY,SinoCloud Group Limited,Stock,Ignore,Industrials,TRUE
M01,Metro Holdings Limited,Stock,Dividend_Secondary,Financials,TRUE
M03,Miyoshi Limited,Stock,Ignore,Industrials,TRUE
M05,MTQ Corporation Limited,Stock,Ignore,Industrials,TRUE
M11,Manufacturing Integration Technology Ltd,Stock,Ignore,Information Technology,TRUE
M14,InnoTek Limited,Stock,Ignore,Industrials,TRUE
M15,Nanyang New Development Limited,Stock,Ignore,Real Estate,TRUE
M1GU,Alpha Integrated Real Estate Investment Trust,Trust,Dividend_Secondary,Real Estate,TRUE
M44U,Mapletree Logistics Trust,Trust,Dividend_Secondary,Real Estate,TRUE
MBH,Nikko AM SGD Investment Grade Corporate Bond ETF,ETF,Macro_Signal,Financials,TRUE
ME8U,Mapletree Industrial Trust,Trust,Dividend_Secondary,Real Estate,TRUE
MF6,Mun Siong Engineering Limited,Stock,Ignore,Industrials,TRUE
MIJ,Alliance Healthcare Group Limited,Stock,Ignore,Health Care,TRUE
MR7,Nordic Group Limited,Stock,Ignore,Industrials,TRUE
MV4,Mewah International Inc.,Stock,Ignore,Industrials,TRUE
MXNU,Elite UK REIT,REIT,Dividend_Core,Real Estate,TRUE
MZH,Nanofilm Technologies International Limited,Stock,Ignore,Information Technology,TRUE
N01,Nera Telecommunications Ltd,Stock,Dividend_Secondary,Communication Services,TRUE
N02,NSL Ltd,Stock,Ignore,Industrials,TRUE
N08,New Toyo International Holdings Ltd,Stock,Dividend_Secondary,Financials,TRUE
N0Z,Combine Will International Holdings Limited,Stock,Dividend_Secondary,Financials,TRUE
N2IU,Mapletree Pan Asia Commercial Trust,Trust,Dividend_Secondary,Real Estate,TRUE
N32,Nippecraft Limited,Stock,Ignore,Industrials,TRUE
NC2,Sri Trang Agro-Industry Public Company Limited,Stock,Ignore,Industrials,TRUE
NEX,Reclaims Global Limited,Stock,Ignore,Industrials,TRUE
NHD,Jubilee Industries Holdings Ltd.,Stock,Dividend_Secondary,Financials,TRUE
NIO,NIO Inc.,Stock,Ignore,Industrials,TRUE
NPW,Malaysia Smelting Corporation Berhad,Stock,Ignore,Industrials,TRUE
NR7,Raffles Education Limited,Stock,Ignore,Industrials,TRUE
NS8U,Hutchison Port Holdings Trust,Trust,Dividend_Secondary,Industrials,TRUE
NTDU,NTT DC REIT,REIT,Dividend_Core,Real Estate,TRUE
O08,Ossia International Limited,Stock,Ignore,Industrials,TRUE
O10,Far East Orchard Limited,Stock,Ignore,Consumer Staples,TRUE
O39,Oversea-Chinese Banking Corporation Limited,Stock,Dividend_Secondary,Financials,TRUE
O5RU,AIMS APAC REIT,REIT,Dividend_Core,Real Estate,TRUE
O9E,Parkson Retail Asia Limited,Stock,Ignore,Consumer Discretionary,TRUE
OAJ,Fortress Minerals Limited,Stock,Ignore,Industrials,TRUE
ODBU,United Hampshire US Real Estate Investment Trust,Trust,Dividend_Secondary,Real Estate,TRUE
OMK,Vividthree Holdings Ltd.,Stock,Dividend_Secondary,Financials,TRUE
OTS,OTS Holdings Limited,Stock,Dividend_Secondary,Financials,TRUE
OTX,Medinex Limited,Stock,Ignore,Health Care,TRUE
OU8,Centurion Corporation Limited,Stock,Ignore,Industrials,TRUE
OV8,Sheng Siong Group Ltd,Stock,Ignore,Consumer Staples,TRUE
OVQ,Lion-OCBC Securities Hang Seng TECH ETF,ETF,Macro_Signal,Information Technology,TRUE
OXMU,Prime US REIT,REIT,Dividend_Core,Real Estate,TRUE
OYY,PropNex Limited,Stock,Ignore,Industrials,TRUE
P15,Pacific Century Regional Developments Limited,Stock,Ignore,Real Estate,TRUE
P34,Delfi Limited,Stock,Ignore,Industrials,TRUE
P36,Pan Hong Holdings Group Limited,Stock,Dividend_Secondary,Financials,TRUE
P40U,Starhill Global Real Estate Investment Trust,Trust,Dividend_Secondary,Real Estate,TRUE
P52,Pan-United Corporation Ltd,Stock,Ignore,Industrials,TRUE
P74,China Kangda Food Company Limited,Stock,Ignore,Consumer Staples,TRUE
P7VU,Hutchison Port Holdings Trust,Trust,Dividend_Secondary,Industrials,TRUE
P8A,Cordlife Group Limited,Stock,Ignore,Industrials,TRUE
P8Z,Bumitama Agri Ltd.,Stock,Ignore,Consumer Staples,TRUE
P9D,Civmec Limited,Stock,Ignore,Industrials,TRUE
PCT,PC Partner Group Limited,Stock,Ignore,Industrials,TRUE
PPC,ProsperCap Corporation Limited,Stock,Ignore,Industrials,TRUE
PRH,Livingstone Health Holdings Limited,Stock,Dividend_Secondary,Health Care,TRUE
Q01,QAF Limited,Stock,Ignore,Industrials,TRUE
Q0F,IHH Healthcare Berhad,Stock,Ignore,Health Care,TRUE
Q0X,Ley Choon Group Holdings Limited,Stock,Dividend_Secondary,Financials,TRUE
Q5T,Far East Hospitality Trust,Trust,Dividend_Secondary,Real Estate,TRUE
QC7,Q & M Dental Group (Singapore) Limited,Stock,Ignore,Health Care,TRUE
QES,China Sunsine Chemical Holdings Ltd.,Stock,Dividend_Secondary,Materials,TRUE
QNS,Southern Alliance Mining Ltd.,Stock,Ignore,Materials,TRUE
QS9,Global Invacom Group Limited,Stock,Ignore,Industrials,TRUE
QZG,Accrelist Ltd.,Stock,Ignore,Industrials,TRUE
R14,Eneco Energy Limited,Stock,Ignore,Energy,TRUE
RE4,Geo Energy Resources Limited,Stock,Ignore,Energy,TRUE
RQ1,Overseas Education Limited,Stock,Ignore,Industrials,TRUE
RXS,Pacific Radiance Ltd.,Stock,Ignore,Industrials,TRUE
S07,Shangri-La Asia Limited,Stock,Ignore,Industrials,TRUE
S08,Singapore Post Limited,Stock,Ignore,Industrials,TRUE
S19,Singapore Shipping Corporation Limited,Stock,Ignore,Industrials,TRUE
S20,The Straits Trading Company Limited,Stock,Ignore,Industrials,TRUE
S23,Singapura Finance Ltd,Stock,Ignore,Financials,TRUE
S29,Stamford Tyres Corporation Limited,Stock,Ignore,Industrials,TRUE
S35,Sing Investments & Finance Limited,Stock,Ignore,Financials,TRUE
S3N,Global Resource Construction Ltd.,Stock,Ignore,Industrials,TRUE
S41,Hong Leong Finance Limited,Stock,Ignore,Financials,TRUE
S44,EnGro Corporation Limited,Stock,Ignore,Industrials,TRUE
S56,Samudera Shipping Line Ltd,Stock,Ignore,Industrials,TRUE
S58,SATS Ltd.,Stock,Ignore,Industrials,TRUE
S59,SIA Engineering Company Limited,Stock,Ignore,Industrials,TRUE
S61,SBS Transit Ltd,Stock,Ignore,Industrials,TRUE
S63,Singapore Technologies Engineering Ltd,Stock,Ignore,Information Technology,TRUE
S68,Singapore Exchange Limited,Stock,Ignore,Industrials,TRUE
S69,Serial System Ltd,Stock,Ignore,Information Technology,TRUE
S71,Sunright Limited,Stock,Ignore,Industrials,TRUE
S7OU,Asian Pay Television Trust,Trust,Dividend_Secondary,Communication Services,TRUE
S85,Straco Corporation Limited,Stock,Ignore,Industrials,TRUE
S9B,Amcorp Global Limited,Stock,Ignore,Industrials,TRUE
SEB,Stoneweg Europe Stapled Trust,Trust,Dividend_Secondary,Real Estate,TRUE
SEJ,NoonTalk Media Limited,Stock,Ignore,Communication Services,TRUE
SES,Shanaya Limited,Stock,Ignore,Industrials,TRUE
SET,Stoneweg Europe Stapled Trust,Trust,Dividend_Secondary,Real Estate,TRUE
SGR,Sheffield Green Ltd.,Stock,Ignore,Industrials,TRUE
SHE,Soon Hock Enterprise Holding Limited,Stock,Ignore,Industrials,TRUE
SO7,Yangzijiang Shipbuilding (Holdings) Ltd.,Stock,Dividend_Secondary,Industrials,TRUE
STG,Sri Trang Gloves (Thailand) Public Company Limited,Stock,Ignore,Industrials,TRUE
T12,Tat Seng Packaging Group Ltd,Stock,Ignore,Industrials,TRUE
T13,RH PetroGas Limited,Stock,Ignore,Energy,TRUE
T14,Tianjin Pharmaceutical Da Ren Tang Group Corporation Limited,Stock,Ignore,Health Care,TRUE
T15,Tan Chong International Limited,Stock,Ignore,Industrials,TRUE
T24,Tuan Sing Holdings Limited,Stock,Dividend_Secondary,Financials,TRUE
T41,TeleChoice International Limited,Stock,Ignore,Industrials,TRUE
T43,Yunnan Energy International Co. Limited,Stock,Ignore,Energy,TRUE
T55,TIH Limited,Stock,Ignore,Industrials,TRUE
T6I,ValueMax Group Limited,Stock,Ignore,Industrials,TRUE
T82U,Suntec Real Estate Investment Trust,Trust,Dividend_Secondary,Real Estate,TRUE
TADD,Advanced Info Service Public Company Limited,Stock,Ignore,Industrials,TRUE
TATD,Airports of Thailand Public Company Limited,Stock,Ignore,Industrials,TRUE
TCPD,CP ALL Public Company Limited,Stock,Ignore,Industrials,TRUE
TCU,Credit Bureau Asia Limited,Stock,Ignore,Industrials,TRUE
TDED,Delta Electronics (Thailand) Public Company Limited,Stock,Ignore,Information Technology,TRUE
TKKD,Kasikornbank Public Company Limited,Stock,Dividend_Secondary,Financials,TRUE
TKU,Toku Ltd.,Stock,Ignore,Industrials,TRUE
TPED,PTT Exploration and Production Public Company Limited,Stock,Ignore,Industrials,TRUE
TQ5,Frasers Property Limited,Stock,Ignore,Real Estate,TRUE
TS0U,OUE Real Estate Investment Trust,Trust,Dividend_Secondary,Real Estate,TRUE
TSH,TSH Resources Berhad,Stock,Ignore,Materials,TRUE
TVV,OxPay Financial Limited,Stock,Dividend_Secondary,Financials,TRUE
TWL,Memiontec Holdings Ltd.,Stock,Dividend_Secondary,Financials,TRUE
U06,Singapore Land Group Limited,Stock,Ignore,Industrials,TRUE
U10,UOB-Kay Hian Holdings Limited,Stock,Dividend_Secondary,Financials,TRUE
U11,United Overseas Bank Limited,Stock,Dividend_Secondary,Financials,TRUE
U13,United Overseas Insurance Limited,Stock,Ignore,Financials,TRUE
U14,UOL Group Limited,Stock,Ignore,Industrials,TRUE
U77,Sarine Technologies Ltd.,Stock,Ignore,Information Technology,TRUE
U96,Sembcorp Industries Ltd,Stock,Ignore,Industrials,TRUE
U9E,China Everbright Water Limited,Stock,Ignore,Utilities,TRUE
UD1U,IREIT Global,REIT,Dividend_Core,Real Estate,TRUE
UIBU,UI Boustead Real Estate Investment Trust,Trust,Dividend_Secondary,Real Estate,TRUE
UIX,China Environmental Resources Group Limited,Stock,Ignore,Materials,TRUE
ULG,UltraGreen.ai Limited,Stock,Ignore,Industrials,TRUE
URR,Sim Leisure Group Ltd.,Stock,Ignore,Communication Services,TRUE
V03,Venture Corporation Limited,Stock,Ignore,Industrials,TRUE
V2Y,Oceanscape International Limited,Stock,Ignore,Industrials,TRUE
V3M,Metech International Limited,Stock,Ignore,Information Technology,TRUE
V7R,Resources Global Development Limited,Stock,Ignore,Materials,TRUE
V8Y,Quantum Healthcare Limited,Stock,Ignore,Health Care,TRUE
VC2,Olam Group Limited,Stock,Ignore,Industrials,TRUE
VI2,Trans-China Automotive Holdings Limited,Stock,Dividend_Secondary,Industrials,TRUE
VIN,Vin's Holdings Ltd,Stock,Dividend_Secondary,Financials,TRUE
W05,Wing Tai Holdings Limited,Stock,Dividend_Secondary,Financials,TRUE
W8W,Coliwoo Holdings Limited,Stock,Dividend_Secondary,Financials,TRUE
WJ9,Advanced Systems Automation Limited,Stock,Ignore,Information Technology,TRUE
WJP,VICOM Ltd,Stock,Ignore,Industrials,TRUE
WKS,Winking Studios Limited,Stock,Ignore,Industrials,TRUE
WPC,Vallianz Holdings Limited,Stock,Dividend_Secondary,Financials,TRUE
X5N,Avarga Limited,Stock,Ignore,Industrials,TRUE
XCF,KTMG Limited,Stock,Ignore,Industrials,TRUE
XHV,Serial Achieva Limited,Stock,Ignore,Information Technology,TRUE
XJB,"G.H.Y Culture & Media Holding Co., Limited",Stock,Ignore,Communication Services,TRUE
XWA,AEM Holdings Ltd.,Stock,Dividend_Secondary,Financials,TRUE
XZL,Acrophyte Hospitality Trust,Trust,Dividend_Secondary,Real Estate,TRUE
Y03,Yeo Hiap Seng Limited,Stock,Ignore,Industrials,TRUE
Y06,Green Build Technology Limited,Stock,Ignore,Information Technology,TRUE
Y35,AnAn International Limited,Stock,Ignore,Industrials,TRUE
Y3D,mDR Limited,Stock,Ignore,Industrials,TRUE
Y8E,Samurai 2K Aerosol Limited,Stock,Ignore,Industrials,TRUE
Y92,Thai Beverage Public Company Limited,Stock,Ignore,Consumer Staples,TRUE
YF8,Yangzijiang Financial Holding Ltd.,Stock,Dividend_Secondary,Financials,TRUE
YK9,YKGI Limited,Stock,Ignore,Industrials,TRUE
YYB,Bacui Technologies International Ltd.,Stock,Ignore,Information Technology,TRUE
Z25,Yanlord Land Group Limited,Stock,Ignore,Industrials,TRUE
Z4D,Medi Lifestyle Limited,Stock,Ignore,Consumer Discretionary,TRUE
Z59,Yoma Strategic Holdings Ltd.,Stock,Dividend_Secondary,Financials,TRUE
Z74,Singapore Telecommunications Limited,Stock,Dividend_Secondary,Communication Services,TRUE
Z77,Singapore Telecommunications Limited,Stock,Dividend_Secondary,Communication Services,TRUE
ZB9,Union Steel Holdings Limited,Stock,Dividend_Secondary,Industrials,TRUE
ZKX,Ever Glory United Holdings Limited,Stock,Dividend_Secondary,Financials,TRUE
ZQM,Soilbuild Construction Group Ltd.,Stock,Ignore,Energy,TRUE
^STI,Straits Times Index,Index,Macro_Benchmark,Financials,TRUE
